bse_code,nse_symbol
500002,ABB.NS
500003,AEGISLOG.NS
500008,ARE&M.NS
500013,ANSALAPI.NS
500020,BOMDYEING.NS
500023,ASIANHOTNR.NS
500027,ATUL.NS
500031,BAJAJELEC.NS
500032,BAJAJHIND.NS
500033,FORCEMOT.NS
500034,BAJFINANCE.NS
500038,BALRAMCHIN.NS
500039,BANCOINDIA.NS
500040,ABREL.NS
500041,BANARISUG.NS
500042,BASF.NS
500043,BATAINDIA.NS
500048,BEML.NS
500049,BEL.NS
500052,BEPL.NS
500059,BINANIIND.NS
500060,BIRLACABLE.NS
500067,BLUESTARCO.NS
500074,BPL.NS
500078,OAL.NS
500083,CENTEXT.NS
500084,CESC.NS
500085,CHAMBLFERT.NS
500086,EXIDEIND.NS
500087,CIPLA.NS
500089,DICIND.NS
500092,CRISIL.NS
500093,CGPOWER.NS
500096,DABUR.NS
500097,DALMIASUG.NS
500101,ARVIND.NS
500103,BHEL.NS
500104,HINDPETRO.NS
500106,IFCI.NS
500108,MTNL.NS
500109,MRPL.NS
500110,CHENNPETRO.NS
500112,SBIN.NS
500113,SAIL.NS
500114,TITAN.NS
500116,IDBI.NS
500117,DCW.NS
500119,DHAMPURSUG.NS
500120,DIAMINESQ.NS
500124,DRREDDY.NS
500125,EIDPARRY.NS
500126,PGHL.NS
500128,ELECTCAST.NS
500133,ESABINDIA.NS
500135,EPL.NS
500136,ESTER.NS
500144,FINCABLES.NS
500148,UFLEX.NS
500150,FOSECOIND.NS
500151,GOLDENTOBC.NS
500153,GANESHBE.NS
500160,GTL.NS
500163,GODFRYPHLP.NS
500164,GODREJIND.NS
500165,KANSAINER.NS
500171,GHCL.NS
500173,GFLLIMITED.NS
500174,GLFL.NS
500179,HCL-INSYS.NS
500180,HDFCBANK.NS
500182,HEROMOTOCO.NS
500183,HFCL.NS
500184,HSCL.NS
500185,HCC.NS
500186,HINDOILEXP.NS
500187,AGI.NS
500188,HINDZINC.NS
500189,NDLVENTURE.NS
500191,HMT.NS
500193,HLVLTD.NS
500199,IGPL.NS
500201,INDIAGLYCO.NS
500207,INDORAMA.NS
500209,INFY.NS
500210,INGERRAND.NS
500214,IONEXCHANG.NS
500215,SUNDROP.NS
500219,JISLJALEQS.NS
500227,JINDALPOLY.NS
500228,JSWSTEEL.NS
500231,UMANGDAIRY.NS
500233,KAJARIACER.NS
500234,KAKATCEM.NS
500235,KSL.NS
500238,WHIRLPOOL.NS
500241,KIRLOSBROS.NS
500243,KIRLOSIND.NS
500247,KOTAKBANK.NS
500249,KSB.NS
500250,LGBBROSLTD.NS
500251,TRENT.NS
500252,LMW.NS
500253,LICHSGFIN.NS
500257,LUPIN.NS
500259,LYKALABS.NS
500260,RAMCOCEM.NS
500262,HYBRIDFIN.NS
500265,MAHSEAMLES.NS
500266,MAHSCOOTER.NS
500268,MANALIPETC.NS
500271,MFSL.NS
500279,MIRCELECTR.NS
500280,CENTENKA.NS
500282,MODTHREAD.NS
500284,LORDSCHLO.NS
500288,MOREPENLAB.NS
500290,MRF.NS
500292,HEIDELBERG.NS
500294,NCC.NS
500295,VEDL.NS
500296,NAHARSPING.NS
500300,GRASIM.NS
500302,PEL.NS
500304,NIITLTD.NS
500312,ONGC.NS
500313,OILCOUNTUB.NS
500314,ORIENTHOT.NS
500317,OSWALAGRO.NS
500325,RELIANCE.NS
500327,PILITA.NS
500330,RAYMOND.NS
500331,PIDILITIND.NS
500333,PIXTRANS.NS
500335,BIRLACORPN.NS
500336,SURYAROSNI.NS
500337,PRIMESECU.NS
500338,PRSMJOHNSN.NS
500339,RAIN.NS
500342,PRUDMOULI.NS
500343,AMJLAND.NS
500350,RSWM.NS
500354,RAJSREESUG.NS
500355,RALLIS.NS
500356,RAMANEWS.NS
500367,RUBFILA.NS
500368,PATANJALI.NS
500378,JINDALSAW.NS
500380,JKLAKSHMI.NS
500387,SHREECEM.NS
500390,RELINFRA.NS
500400,TATAPOWER.NS
500402,SPMLINFRA.NS
500403,SUNDRMFAST.NS
500404,SUNFLAG.NS
500405,SPLPETRO.NS
500407,SWARAJENG.NS
500408,TATAELXSI.NS
500410,ACC.NS
500411,THERMAX.NS
500412,TIRUMALCHM.NS
500413,THOMASCOOK.NS
500418,TOKYOPLAST.NS
500420,TORNTPHARM.NS
500425,AMBUJACEM.NS
500429,UNIENTER.NS
500439,VHL.NS
500440,HINDALCO.NS
500444,WSTCSTPAPR.NS
500456,PASUPTAC.NS
500459,PGHH.NS
500460,MUKANDLTD.NS
500463,BBOX.NS
500464,UCAL.NS
500467,HARRMALAYA.NS
500469,FEDERALBNK.NS
500470,TATASTEEL.NS
500472,SKFINDIA.NS
500477,ASHOKLEY.NS
500480,CUMMINSIND.NS
500483,TATACOMM.NS
500488,ABBOTINDIA.NS
500490,BAJAJHLDNG.NS
500493,BHARATFORG.NS
500495,ESCORTS.NS
500500,HINDMOTORS.NS
500510,LT.NS
500520,M&M.NS
500530,BOSCHLTD.NS
500540,PREMIER.NS
500547,BPCL.NS
500550,SIEMENS.NS
500570,TATAMOTORS.NS
500575,VOLTAS.NS
500620,GESHIP.NS
500645,DEEPAKFERT.NS
500650,EXCELINDUS.NS
500655,GRWRHITECH.NS
500660,GLAXO.NS
500670,GNFC.NS
500674,SANOFI.NS
500680,PFIZER.NS
500690,GSFC.NS
500696,HINDUNILVR.NS
500710,AKZOINDIA.NS
500730,NOCIL.NS
500770,TATACHEM.NS
500777,TNPETRO.NS
500780,ZUARIIND.NS
500790,NESTLEIND.NS
500800,TATACONSUM.NS
500820,ASIANPAINT.NS
500825,BRITANNIA.NS
500830,COLPAL.NS
500840,EIHOTEL.NS
500850,INDHOTEL.NS
500870,CASTROLIND.NS
500875,ITC.NS
500877,APOLLOTYRE.NS
500878,CEATLTD.NS
500890,MODIRUBBER.NS
500940,FINPIPE.NS
501150,CENTRUM.NS
501242,TCIFINANCE.NS
501295,IITL.NS
501301,TATAINVEST.NS
501343,MOTOGENFIN.NS
501423,SHAILY.NS
501425,BBTC.NS
501455,GREAVESCOT.NS
501831,COASTCORP.NS
502090,SAGCEM.NS
502137,DECCANCE.NS
502157,MANGLMCEM.NS
502168,NCLIND.NS
502175,SAURASHCEM.NS
502180,SHREDIGCEM.NS
502219,BORORENEW.NS
502330,ANDHRAPAP.NS
502355,BALKRISIND.NS
502420,ORIENTPPR.NS
502448,ROLLT.NS
502450,SESHAPAPER.NS
502820,DCM.NS
502937,KESORAMIND.NS
502986,VTL.NS
503031,PENINLAND.NS
503100,PHOENIXLTD.NS
503101,MARATHON.NS
503162,RELCHEMQ.NS
503169,RUBYMILLS.NS
503310,SWANENERGY.NS
503722,BANSWRAS.NS
503806,SRF.NS
503811,SIYSIL.NS
503960,BBL.NS
504036,HIRECT.NS
504058,NIPPOBATRY.NS
504067,ZENSARTECH.NS
504112,NELCO.NS
504212,UNIVCABLES.NS
504220,WSI.NS
504286,DELTAMAGNT.NS
504341,RELTD.NS
504614,SARDAEN.NS
504741,INDIANHUME.NS
504879,ORIENTCER.NS
504918,SANDUMA.NS
504973,CHOLAHLDNG.NS
505010,AUTOAXLES.NS
505029,ATLASCYCLE.NS
505075,SETCO.NS
505160,TALBROAUTO.NS
505192,SMLISUZU.NS
505196,TIL.NS
505200,EICHERMOT.NS
505242,DYNAMATECH.NS
505255,GMMPFAUDLR.NS
505283,KIRLPNU.NS
505324,MANUGRAPH.NS
505355,NESCO.NS
505368,SEMAC.NS
505400,TEXINFRA.NS
505412,WENDT.NS
505509,RESPONIND.NS
505526,DOLATALGO.NS
505533,WESTLIFE.NS
505537,ZEEL.NS
505590,SVPGLOB.NS
505688,BHARATGEAR.NS
505700,ELECON.NS
505714,GABRIEL.NS
505720,HERCULES.NS
505726,IFBIND.NS
505744,FMGOETZE.NS
505790,SCHAEFFLER.NS
505800,RANEHOLDIN.NS
505850,MANCREDIT.NS
505854,TRF.NS
506022,PRAKASH.NS
506074,ARSHIYA.NS
506076,GRINDWELL.NS
506079,LAKPRE.NS
506109,GENESYS.NS
506146,VIVIDHA.NS
506184,KANANIIND.NS
506194,ARIHANTSUP.NS
506197,BLISSGVS.NS
506222,STYRENIX.NS
506235,ALEMBICLTD.NS
506248,AMNPLST.NS
506260,ANUHPHR.NS
506261,MODISONLTD.NS
506285,BAYERCROP.NS
506390,HEUBACHIND.NS
506395,COROMANDEL.NS
506401,DEEPAKNTR.NS
506405,DMCC.NS
506480,GOCLCORP.NS
506525,KANORICHEM.NS
506579,OCCL.NS
506590,PCBL.NS
506618,PUNJABCHEM.NS
506642,SADHNANIQ.NS
506655,SUDARSCHEM.NS
506680,TECILCHEM.NS
506690,UNICHEMLAB.NS
506767,ALKYLAMINE.NS
506820,ASTRAZEN.NS
506852,PRIMO.NS
506879,GUJTHEM.NS
506943,JBCHEPHARM.NS
507205,TI.NS
507315,SAKHTISUG.NS
507410,WALCHANNAG.NS
507438,IFBAGRO.NS
507488,GMBREW.NS
507490,RANASUG.NS
507514,SDBL.NS
507526,ASALCBR.NS
507552,FOODSIN.NS
507580,IVP.NS
507685,WIPRO.NS
507717,DHANUKA.NS
507747,TTKHLTCARE.NS
507779,KANPRPLA.NS
507785,TAINWALCHM.NS
507789,JAGSNPHARM.NS
507794,KHAICHEM.NS
507815,GILLETTE.NS
507878,UNITECH.NS
507880,VIPIND.NS
507910,FIBERWEB.NS
508814,COSMOFIRST.NS
508869,APOLLOHOSP.NS
508906,EVERESTIND.NS
508933,AYMSYNTEX.NS
508989,NAVNETEDUL.NS
509009,AUSOMENT.NS
509020,RUCHINFRA.NS
509048,LANCORHOL.NS
509055,VISAKAIND.NS
509079,GUFICBIO.NS
509152,GRPLTD.NS
509220,PTL.NS
509243,TVSSRICHAK.NS
509480,BERGEPAINT.NS
509488,GRAPHITE.NS
509496,ITDCEM.NS
509557,GARFIBRES.NS
509567,GOACARBON.NS
509631,HEG.NS
509635,HINDCOMPOS.NS
509675,BIRLANU.NS
509692,INDIANCARD.NS
509709,INTLCONV.NS
509715,JAYSREETEA.NS
509820,HUHTAMAKI.NS
509874,SHALPAINTS.NS
509930,SUPREMEIND.NS
509966,VSTIND.NS
511034,JINDRILL.NS
511076,SATINDLTD.NS
511108,SHIVATEX.NS
511194,ICDSLTD.NS
511196,CANFINHOME.NS
511208,IVC.NS
511218,SHRIRAMFIN.NS
511243,CHOLAFIN.NS
511333,VLSFINANCE.NS
511413,CREST.NS
511431,VAKRANGEE.NS
511473,INDBANK.NS
511505,CAPTRUST.NS
511551,MONARCH.NS
511559,TIMESGTY.NS
511589,AVONMORE.NS
511605,ARIHANTCAP.NS
511611,DCMFINSERV.NS
511630,SAMBHAAV.NS
511676,GICHSGFIN.NS
511724,BAIDFIN.NS
511726,VIPULLTD.NS
511742,UGROCAP.NS
511766,MUTHOOTCAP.NS
511768,MASTERTR.NS
512070,UPL.NS
512131,SIGIND.NS
512161,SECURKLOUD.NS
512179,SUNTECK.NS
512237,JAICORPLTD.NS
512296,BHAGYANGR.NS
512381,STARTECK.NS
512455,LLOYDSME.NS
512463,LLOYDSENT.NS
512519,DONEAR.NS
512529,SEQUENT.NS
512531,STCINDIA.NS
512553,ZENITHEXPO.NS
512559,KOHINOOR.NS
512573,AVANTIFEED.NS
512597,KEYFINSERV.NS
512599,ADANIENT.NS
512608,BHANDARI.NS
512626,ORBTEXP.NS
513023,NAVA.NS
513097,SBCL.NS
513108,GANDHITUBE.NS
513121,ORICONENT.NS
513228,PENIND.NS
513250,JYOTISTRUC.NS
513262,SSWL.NS
513269,MANINDS.NS
513349,AJMERA.NS
513375,CARBORUNIV.NS
513377,MMTC.NS
513436,SHAHALLOYS.NS
513509,KALYANIFRG.NS
513517,STEELCAS.NS
513519,PITTIENG.NS
513554,MAHASTEEL.NS
513599,HINDCOPPER.NS
513683,NLCINDIA.NS
513729,AROGRANITE.NS
514036,LOYALTEX.NS
514043,HIMATSEIDE.NS
514045,BSL.NS
514142,TTL.NS
514162,WELSPUNLIV.NS
514167,GANECOS.NS
514175,VARDMNPOLY.NS
514211,SUMEETINDS.NS
514234,SANGAMIND.NS
514274,AARVEEDEN.NS
514286,ASHIMASYN.NS
514300,PIONEEREMB.NS
514348,WINSOME.NS
514354,PREMIERPOL.NS
514418,MANORG.NS
514450,MHLXMIRU.NS
515018,REGENCERAM.NS
515030,ASAHIINDIA.NS
515037,MURUDCERA.NS
515055,ANANTRAJ.NS
515093,MADHAV.NS
516016,SHREYANIND.NS
516022,STARPAPER.NS
516030,PAKKA.NS
516064,ARROWGREEN.NS
516072,VISHNU.NS
516082,NRAIL.NS
516092,3PLAND.NS
517015,VINDHYATEL.NS
517041,ADOR.NS
517059,SALZERELEC.NS
517146,USHAMART.NS
517168,SUBROS.NS
517174,HONAUT.NS
517206,LUMAXIND.NS
517214,DIGISPICE.NS
517271,HBLENGINE.NS
517273,S&SPOWER.NS
517300,GIPCL.NS
517334,MOTHERSON.NS
517344,MINDTECK.NS
517354,HAVELLS.NS
517380,IGARASHI.NS
517385,SYMPHONY.NS
517411,SHYAMTEL.NS
517421,BUTTERFLY.NS
517447,RSSOFTWARE.NS
517498,WEBELSOLAR.NS
517500,ROTO.NS
517506,TTKPRESTIG.NS
517522,RAJRATAN.NS
517530,SURANAT&P.NS
517536,ONWARDTEC.NS
517544,CENTUM.NS
517556,PVP.NS
517562,TRIGYN.NS
517569,KEI.NS
518091,APCL.NS
519091,TASTYBITE.NS
519105,AVTNPL.NS
519126,HNDFDS.NS
519136,NAHARINDUS.NS
519156,VADILALIND.NS
519183,ADFFOODS.NS
519224,WILLAMAGOR.NS
519260,SANWARIA.NS
519383,ANIKINDS.NS
519494,NKIND.NS
519528,NORBTEAEXP.NS
519552,HERITGFOOD.NS
519600,CCL.NS
519602,KELLTONTEC.NS
520008,RICOAUTO.NS
520021,OMAXAUTO.NS
520043,MUNJALSHOW.NS
520051,JAMNAAUTO.NS
520056,TVSHLTD.NS
520057,JTEKTINDIA.NS
520059,MUNJALAU.NS
520066,JAYBARMARU.NS
520073,RACLGEAR.NS
520111,RATNAMANI.NS
520113,VESUVIUS.NS
520119,ASAL.NS
520151,TRANSWORLD.NS
521014,EUROTEXIND.NS
521016,ICIL.NS
521018,MARALOVER.NS
521034,SOMATEX.NS
521064,TRIDENT.NS
521070,ALOKINDS.NS
521109,NAGREEKEXP.NS
521163,ZODIACLOTH.NS
521180,SUPERSPIN.NS
521194,SILINV.NS
521200,SURYALAXMI.NS
521220,DAMODARIND.NS
521246,PARASPETRO.NS
521248,KITEX.NS
522014,UNIDT.NS
522029,WINDMACHIN.NS
522034,SHANTIGEAR.NS
522064,HONDAPOWER.NS
522073,HITECHGEAR.NS
522074,ELGIEQUIP.NS
522108,YUKEN.NS
522113,TIMKEN.NS
522163,DIACABS.NS
522205,PRAJIND.NS
522215,HLEGLAS.NS
522217,GUJAPOLLO.NS
522241,MMFL.NS
522249,MAYURUNIQ.NS
522257,RAJOOENG.NS
522261,DOLPHIN.NS
522275,GVT&D.NS
522281,RAMRAT.NS
522285,JAYNECOIND.NS
522287,KPIL.NS
522295,CONTROLPR.NS
523011,WEIZMANIND.NS
523023,SINCLAIR.NS
523025,SAFARI.NS
523127,EIHAHOTELS.NS
523204,ABAN.NS
523207,KOKUYOCMLN.NS
523229,BHARATSE.NS
523260,PEARLPOLY.NS
523261,VENKEYS.NS
523269,ADVANIHOTR.NS
523283,SUPERHOUSE.NS
523301,TCPLPACK.NS
523319,BALMLAWRIE.NS
523329,ELDEHSG.NS
523367,DCMSHRIRAM.NS
523369,DCMSRIND.NS
523371,MAWANASUG.NS
523384,MAHAPEXLTD.NS
523385,NILKAMAL.NS
523391,NAHARPOLY.NS
523395,3MINDIA.NS
523398,JCHAC.NS
523405,JMFINANCIL.NS
523419,TNTELE.NS
523445,RIIL.NS
523457,LINDEINDIA.NS
523539,PRECWIRE.NS
523574,FEL.NS
523598,SCI.NS
523610,ITI.NS
523618,DREDGECORP.NS
523630,NFL.NS
523642,PIIND.NS
523648,PLASTIBLEN.NS
523694,APCOTEXIND.NS
523704,MASTEK.NS
523708,EIMCOELECO.NS
523716,ASHIANA.NS
523736,DVL.NS
523754,MAHEPC.NS
523792,MAZDA.NS
523796,VHLTD.NS
523828,MENONBE.NS
523836,GUJRAFFIA.NS
523838,SIMPLEXINF.NS
524000,POONAWALLA.NS
524019,KINGFA.NS
524037,RAMAPHO.NS
524051,POLYPLEX.NS
524075,ALBERTDAVD.NS
524091,CARYSIL.NS
524109,KABRAEXTRU.NS
524129,VINYLINDIA.NS
524164,IOLCP.NS
524200,VINATIORGA.NS
524208,AARTIIND.NS
524212,WANBURY.NS
524226,GAEL.NS
524230,RCF.NS
524280,KOPRAN.NS
524324,SEYAIND.NS
524330,JAYAGROGN.NS
524332,BCLIND.NS
524342,INDOBORAX.NS
524348,AARTIDRUGS.NS
524370,BODALCHEM.NS
524372,ORCHPHARMA.NS
524394,VIMTALABS.NS
524396,BIOFILCHEM.NS
524404,MARKSANS.NS
524412,AAREYDRUGS.NS
524470,SYNCOMF.NS
524494,IPCALAB.NS
524500,KILITCH.NS
524518,KREBSBIO.NS
524542,SUKHJITS.NS
524558,NEULANDLAB.NS
524570,PODDARMENT.NS
524598,AKSHARCHEM.NS
524648,INDOAMIN.NS
524652,INDSWFTLTD.NS
524654,NATCAPSUQ.NS
524667,SOTL.NS
524669,HESTERBIO.NS
524709,NACLIND.NS
524715,SUNPHARMA.NS
524735,HIKAL.NS
524742,CAPLIPOINT.NS
524774,NGLFINE.NS
524804,AUROPHARMA.NS
524816,NATCOPHARM.NS
524820,PANAMAPET.NS
524824,BALPHARMA.NS
526027,CUBEXTUB.NS
526217,HITECHCORP.NS
526227,FILATEX.NS
526247,PREMEXPLN.NS
526263,MOLDTECH.NS
526299,MPHASIS.NS
526325,ORIENTLTD.NS
526367,GANESHHOUC.NS
526371,NMDC.NS
526381,PATINTLOG.NS
526397,ALPHAGEO.NS
526423,KRITI.NS
526521,SANGHIIND.NS
526550,CCHHL.NS
526582,TPLPLASTEH.NS
526596,LIBERTSHOE.NS
526608,ELECTHERM.NS
526612,BLUEDART.NS
526642,MIRZAINT.NS
526650,TFCILTD.NS
526662,ARENTERP.NS
526666,BIL.NS
526668,KAMATHOTEL.NS
526677,KEEPLEARN.NS
526725,SANDESH.NS
526729,GOLDIAM.NS
526797,GREENPLY.NS
526807,SEAMECLTD.NS
526817,CHEVIOT.NS
526829,CONFIPET.NS
526849,BANARBEADS.NS
526881,63MOONS.NS
526885,SARLAPOLY.NS
526921,21STCENMGM.NS
526947,LAOPALA.NS
526951,STYLAMIND.NS
526953,VENUSREM.NS
526987,URJA.NS
527001,ASHAPURMIN.NS
530001,GUJALKALI.NS
530005,INDIACEM.NS
530007,JKTYRE.NS
530011,MANGCHEFER.NS
530017,SIL.NS
530019,JUBLPHARMA.NS
530023,THEINVEST.NS
530067,CSLFINANCE.NS
530073,SANGHVIMOV.NS
530075,SELAN.NS
530079,FAZE3Q.NS
530117,PRIVISCL.NS
530131,UDAICEMENT.NS
530135,OPTIEMUS.NS
530199,THEMISMED.NS
530239,SUVEN.NS
530299,KOTHARIPRO.NS
530307,CLSEL.NS
530343,GENUSPOWER.NS
530355,ASIANENE.NS
530363,UGARSUGAR.NS
530365,ORIENTBELL.NS
530367,NRBBEARING.NS
530377,NILAINFRA.NS
530393,DBSTOCKBRO.NS
530475,TINNARUBR.NS
530517,RELAXO.NS
530549,SHILPAMED.NS
530555,PARACABLES.NS
530579,UYFINCORP.NS
530655,GOODLUCK.NS
530677,SUPREME.NS
530699,RAJRILTD.NS
530759,STERTOOLS.NS
530803,BHAGERIA.NS
530813,KRBL.NS
530843,CUPID.NS
530871,CHEMBOND.NS
530879,CIFL.NS
530919,REMSONSIND.NS
530943,SABTNL.NS
530961,VIKASECO.NS
530965,IOC.NS
530999,BALAMINES.NS
531082,ALANKIT.NS
531092,OMINFRAL.NS
531109,ISHANCH.NS
531112,BALUFORGE.NS
531120,PATELENG.NS
531146,MEDICAMEQ.NS
531147,ALICON.NS
531162,EMAMILTD.NS
531179,ARMANFIN.NS
531209,NUCLEUS.NS
531213,MANAPPURAM.NS
531225,XTGLOBAL.NS
531241,LINC.NS
531266,VSTTILLERS.NS
531322,HAVISHA.NS
531335,ZYDUSWELL.NS
531344,CONCOR.NS
531349,PANACEABIO.NS
531358,CHOICEIN.NS
531373,BYKE.NS
531400,ALMONDZ.NS
531426,TNPL.NS
531431,SHAKTIPUMP.NS
531439,GOLDTECH.NS
531449,GRMOVER.NS
531453,MOHITIND.NS
531494,NAVKARURB.NS
531495,BLUECOAST.NS
531497,MADHUCON.NS
531500,RAJESHEXPO.NS
531508,EVEREADY.NS
531531,HATSUN.NS
531543,JINDWORLD.NS
531548,SOMANYCERA.NS
531556,CORALFINAC.NS
531595,CGCL.NS
531599,FDC.NS
531624,COUNCODOS.NS
531633,LINCOLN.NS
531638,SURAJLTD.NS
531642,MARICO.NS
531717,VIDHIING.NS
531719,BHAGCHEM.NS
531723,GATECH.NS
531746,PRAENG.NS
531761,APOLLOPIPE.NS
531768,POLYMED.NS
531795,ATULAUTO.NS
531845,ZENITHSTL.NS
531892,KHANDSE.NS
531921,AGARIND.NS
531978,AMBIKCO.NS
532022,FILATFASH.NS
532029,SINDHUTRAD.NS
532051,SWELECTES.NS
532054,KDDL.NS
532134,BANKBARODA.NS
532141,ACL.NS
532143,SKMEGGPROD.NS
532144,WELCORP.NS
532149,BANKINDIA.NS
532150,INDRAMEDCO.NS
532155,GAIL.NS
532156,VAIBHAVGBL.NS
532162,JKPAPER.NS
532163,SAREGAMA.NS
532172,ADROITINFO.NS
532173,CYBERTECH.NS
532174,ICICIBANK.NS
532175,CYIENT.NS
532178,ENGINERSIN.NS
532180,DHANBANK.NS
532181,GMDCLTD.NS
532187,INDUSINDBK.NS
532189,ITDC.NS
532209,J&KBANK.NS
532210,CUB.NS
532212,ARCHIES.NS
532215,AXISBANK.NS
532216,HBSL.NS
532218,SOUTHBANK.NS
532219,ENERGYDEV.NS
532221,SONATSOFTW.NS
532234,NATIONALUM.NS
532240,INDNIPPON.NS
532256,NSIL.NS
532259,APARINDS.NS
532268,ACCELYA.NS
532271,ORCHASP.NS
532281,HCLTECH.NS
532285,GEOJITFSL.NS
532286,JINDALSTEL.NS
532290,BLBLIMITED.NS
532296,GLENMARK.NS
532300,WOCKPHARMA.NS
532305,INDSWFTLAB.NS
532309,GEPIL.NS
532310,SHREERAMA.NS
532313,MAHLIFE.NS
532321,ZYDUSLIFE.NS
532324,CINEVISTA.NS
532326,INTENTECH.NS
532331,AJANTPHARM.NS
532332,CURAA.NS
532335,AMBICAAGAR.NS
532339,COMPUSOFT.NS
532341,IZMO.NS
532343,TVSMOTOR.NS
532345,ACLGATI.NS
532348,SUBEXLTD.NS
532349,TCI.NS
532351,AKSHOPTFBR.NS
532356,TRIVENI.NS
532357,MUKTAARTS.NS
532365,DSSL.NS
532366,PNBGILTS.NS
532369,RAMCOIND.NS
532370,RAMCOSYS.NS
532371,TTML.NS
532372,VIRINCHI.NS
532374,STLTECH.NS
532375,TIPSMUSIC.NS
532376,UMIYA-MRO.NS
532382,BALAJITELE.NS
532386,CALSOFT.NS
532387,PNC.NS
532388,IOB.NS
532390,TAJGVK.NS
532392,CREATIVEYE.NS
532395,AXISCADES.NS
532398,UMESLTD.NS
532400,BSOFT.NS
532406,AVANTEL.NS
532407,MOSCHIP.NS
532408,MEGASOFT.NS
532413,CEREBRAINT.NS
532416,NEXTMEDIA.NS
532419,SMARTLINK.NS
532424,GODREJCP.NS
532430,BFUTILITIE.NS
532432,UNITDSPR.NS
532439,OLECTRA.NS
532440,MPSLTD.NS
532443,CERA.NS
532454,BHARTIARTL.NS
532456,COMPINFO.NS
532457,GULPOLY.NS
532460,PONNIERODE.NS
532461,PNB.NS
532466,OFSS.NS
532475,APTECHT.NS
532477,UNIONBANK.NS
532478,UBL.NS
532481,NOIDATOLL.NS
532482,GRANULES.NS
532483,CANBK.NS
532486,POKARNA.NS
532488,DIVISLAB.NS
532493,ASTRAMICRO.NS
532497,RADICO.NS
532500,MARUTI.NS
532504,NAVINFLUOR.NS
532505,UCOBANK.NS
532507,BAGFILMS.NS
532508,JSL.NS
532509,SUPRAJIT.NS
532513,TVSELECT.NS
532514,IGL.NS
532515,TVTODAY.NS
532521,PALREDTEC.NS
532522,PETRONET.NS
532523,BIOCON.NS
532524,PTC.NS
532525,MAHABANK.NS
532527,RKFORGE.NS
532528,DATAMATICS.NS
532529,NDTV.NS
532531,STAR.NS
532538,ULTRACEMCO.NS
532539,UNOMINDA.NS
532540,TCS.NS
532541,COFORGE.NS
532543,GULFPETRO.NS
532548,CENTURYPLY.NS
532553,WELENT.NS
532555,NTPC.NS
532604,SALSTEEL.NS
532605,JBMA.NS
532610,DWARKESH.NS
532612,INDOCO.NS
532613,VIPCLOTHNG.NS
532614,IMPEXFERRO.NS
532616,XCHANGING.NS
532624,JINDALPHOT.NS
532626,POCL.NS
532627,JPPOWER.NS
532628,3IINFOLTD.NS
532630,GOKEX.NS
532633,ALLDIGI.NS
532636,IIFL.NS
532637,MANGALAM.NS
532638,SHOPERSTOP.NS
532640,CYBERMEDIA.NS
532641,NDL.NS
532642,JSWHL.NS
532644,JKCEMENT.NS
532648,YESBANK.NS
532649,NECLIFE.NS
532650,MSPL.NS
532651,SPLIL.NS
532652,KTKBANK.NS
532654,MCLEODRUSS.NS
532661,RML.NS
532662,HTMEDIA.NS
532663,SASKEN.NS
532666,FCSSOFT.NS
532667,SUZLON.NS
532668,AURIONPRO.NS
532670,RENUKA.NS
532673,KMSUGAR.NS
532674,BASML.NS
532683,AIAENG.NS
532684,EKC.NS
532686,KERNEX.NS
532687,REPRO.NS
532689,PVRINOX.NS
532694,ASMS.NS
532695,CELEBRITY.NS
532698,NITINSPIN.NS
532699,ROHLTD.NS
532700,ENIL.NS
532702,GSPL.NS
532705,JAGRAN.NS
532707,DYNPRO.NS
532708,GVKPIL.NS
532710,SADBHAV.NS
532713,SAKUMA.NS
532714,KEC.NS
532716,GILLANDERS.NS
532717,INDOTECH.NS
532719,BLKASHYAP.NS
532720,M&MFIN.NS
532721,VISASTEEL.NS
532722,NITCO.NS
532725,SOLARINDS.NS
532726,GALLANTT.NS
532728,MALUPAPER.NS
532729,UTTAMSUGAR.NS
532730,SGL.NS
532732,KKCL.NS
532733,SUNTV.NS
532734,GPIL.NS
532735,RSYSTEMS.NS
532737,EMKAY.NS
532738,TICL.NS
532740,LOKESHMACH.NS
532741,KAMDHENU.NS
532748,PFOCUS.NS
532749,ALLCARGO.NS
532754,GMRAIRPORT.NS
532755,TECHM.NS
532756,CIEINDIA.NS
532757,VOLTAMP.NS
532759,ATLANTAA.NS
532761,HOVS.NS
532762,ACE.NS
532764,GEECEE.NS
532767,GAYAPROJ.NS
532768,FIEMIND.NS
532771,JHS.NS
532772,DCBBANK.NS
532773,GLOBALVECT.NS
532774,INSPIRISYS.NS
532775,GTLINFRA.NS
532776,SHIVAMAUTO.NS
532777,NAUKRI.NS
532779,TORNTPOWER.NS
532780,PARSVNATH.NS
532782,SUTLEJTEX.NS
532783,LTFOODS.NS
532784,SOBHA.NS
532785,RUCHIRA.NS
532790,TANLA.NS
532794,ZEEMEDIA.NS
532795,SITINET.NS
532796,LUMAXTECH.NS
532797,AUTOIND.NS
532798,NETWORK18.NS
532799,HUBTOWN.NS
532801,CTE.NS
532804,TIIL.NS
532805,REDINGTON.NS
532807,CINELINE.NS
532808,PGIL.NS
532809,FSL.NS
532810,PFC.NS
532811,AHLUCONT.NS
532812,TFL.NS
532814,INDIANB.NS
532815,SMSPHARMA.NS
532817,ORIENTALTL.NS
532822,IDEA.NS
532826,RAJTV.NS
532827,PAGEIND.NS
532828,AMDIND.NS
532830,ASTRAL.NS
532832,EMBDL.NS
532834,CAMLINFINE.NS
532835,ICRA.NS
532839,DISHTV.NS
532841,SAHYADRI.NS
532842,SRHHYPOLTD.NS
532843,FORTIS.NS
532845,TGBHOTELS.NS
532847,HILTON.NS
532848,DELTACORP.NS
532850,MICEL.NS
532851,INSECTICID.NS
532853,ASAHISONG.NS
532856,TIMETECHNO.NS
532859,HGS.NS
532864,NELCAST.NS
532867,V2RETAIL.NS
532868,DLF.NS
532869,TARMAT.NS
532870,ANKITMETAL.NS
532872,SPARC.NS
532875,ADSL.NS
532878,ALPA.NS
532880,OMAXE.NS
532884,REFEX.NS
532885,CENTRALBK.NS
532886,SELMC.NS
532888,ASIANTILES.NS
532889,KPRMILL.NS
532890,TAKE.NS
532891,PURVA.NS
532892,MOTILALOFS.NS
532894,INDOWIND.NS
532895,NAGREEKCAP.NS
532896,MAGNUM.NS
532898,POWERGRID.NS
532899,KSCL.NS
532900,PAISALO.NS
532902,CCCL.NS
532904,SUPREMEINF.NS
532906,MAANALU.NS
532907,IL&FSENGG.NS
532915,RELIGARE.NS
532916,BVCL.NS
532921,ADANIPORTS.NS
532922,EDELWEISS.NS
532923,RGL.NS
532924,KOLTEPATIL.NS
532925,KAUSHALYA.NS
532926,JYOTHYLAB.NS
532927,ECLERX.NS
532928,TARIL.NS
532929,BRIGADE.NS
532930,BGRENERGY.NS
532932,MANAKSIA.NS
532934,PPAP.NS
532935,ARIES.NS
532937,KUANTUM.NS
532939,RPOWER.NS
532940,JKIL.NS
532941,CORDSCABLE.NS
532942,KNRCON.NS
532944,ONMOBILE.NS
532945,SEPC.NS
532946,BANG.NS
532947,IRB.NS
532951,GSS.NS
532952,NAHARCAP.NS
532953,VGUARD.NS
532955,RECLTD.NS
532960,DHANI.NS
532966,TITAGARH.NS
532967,KIRIINDUS.NS
532974,BIRLAMONEY.NS
532976,JAIBALAJI.NS
532977,BAJAJ-AUTO.NS
532978,BAJAJFINSV.NS
532980,GOKUL.NS
532983,RPGLIFE.NS
532986,NIRAJ.NS
532989,BAFNAPH.NS
532993,SEJALLTD.NS
532994,ARCHIDPLY.NS
532998,LOTUSEYE.NS
533001,SOMICONVEY.NS
533012,LPDC.NS
533022,20MICRONS.NS
533023,ZFCVINDIA.NS
533029,ALKALI.NS
533033,ISGEC.NS
533047,IMFA.NS
533048,TPHQ.NS
533080,MOLDTKPAC.NS
533088,MHRIL.NS
533090,EXCEL.NS
533093,ROML.NS
533096,ADANIPOWER.NS
533098,NHPC.NS
533104,GLOBUSSPR.NS
533106,OIL.NS
533121,EXPLEOSOL.NS
533122,RTNPOWER.NS
533137,DEN.NS
533138,ASTEC.NS
533146,DLINKINDIA.NS
533148,JSWENERGY.NS
533150,GODREJPROP.NS
533151,DBCORP.NS
533152,MBLINFRA.NS
533155,JUBLFOOD.NS
533156,VASCONEQ.NS
533158,THANGAMAYL.NS
533160,DBREALTY.NS
533161,EMMBI.NS
533162,HATHWAY.NS
533164,TEXMOPIPES.NS
533166,SUNDARAM.NS
533168,ROSSELLIND.NS
533169,MANINFRA.NS
533177,IL&FSTRANS.NS
533179,PERSISTENT.NS
533181,ISFT.NS
533189,GOENKA.NS
533192,KCPSUGIND.NS
533193,KECL.NS
533203,TARAPUR.NS
533206,SJVN.NS
533208,EMAMIPAP.NS
533210,KRITINUT.NS
533217,HMVL.NS
533218,EMAMIREAL.NS
533227,AHLEAST.NS
533229,BAJAJCON.NS
533239,PRAKASHSTL.NS
533248,GPPL.NS
533252,WELINV.NS
533257,WAAREEINDO.NS
533259,SASTASUNDR.NS
533260,CPCAP.NS
533262,RAMKY.NS
533263,GREENPOWER.NS
533267,CANTABIL.NS
533269,WABAG.NS
533270,BEDMUTHA.NS
533271,ASHOKA.NS
533272,JWL.NS
533273,OBEROIRLTY.NS
533274,PRESTIGE.NS
533275,SHAH.NS
533278,COALINDIA.NS
533282,GRAVITA.NS
533284,RPPINFRA.NS
533286,MOIL.NS
533287,ZEELEARN.NS
533292,A2ZINFRA.NS
533293,KIRLOSENG.NS
533294,RKDL.NS
533295,PSB.NS
533296,FMNL.NS
533298,SURANASOL.NS
533301,SHEKHAWATI.NS
533302,KICL.NS
533303,BFINVEST.NS
533306,SUMMITSEC.NS
533316,STEL.NS
533326,TEXRAIL.NS
533329,INDTERRAIN.NS
533333,FCL.NS
533336,DHUNINV.NS
533339,ZENTEC.NS
533343,LOVABLE.NS
533344,PFS.NS
533398,MUTHOOTFIN.NS
533451,KARMAENG.NS
533452,DELPHIFX.NS
533470,RUSHIL.NS
533482,KRIDHANINF.NS
533506,INVENTURE.NS
533519,LTF.NS
533520,YAARI.NS
533540,TREEHOUSE.NS
533543,BROOKS.NS
533552,RUPA.NS
533553,TDPOWERSYS.NS
533573,APLLTD.NS
533576,VASWANI.NS
533581,PGEL.NS
533605,SETUINFRA.NS
533629,TIJARIA.NS
533632,ONELIFECAP.NS
533638,FLEXITUFF.NS
533655,TRITURBINE.NS
533676,INDOTHAI.NS
533704,ESSARSHPNG.NS
533758,APLAPOLLO.NS
533761,GPTINFRA.NS
533941,THOMASCOTT.NS
533982,TERASOFT.NS
534076,RHIM.NS
534091,MCX.NS
534139,SCHNEIDER.NS
534309,NBCC.NS
534312,MTEDUCARE.NS
534328,HEXATRADEX.NS
534369,TBZ.NS
534392,VSSL.NS
534425,SPECIALITY.NS
534532,LYPSAGEMS.NS
534597,RTNINDIA.NS
534598,SAMPANN.NS
534600,JTLIND.NS
534615,NECCLTD.NS
534618,WAAREERTL.NS
534674,DUCON.NS
534675,PROZONER.NS
534680,SRGHFL.NS
534742,ZUARI.NS
534748,STEELXIND.NS
534758,CIGNITITEC.NS
534804,CARERATING.NS
534809,PCJEWELLER.NS
534816,INDUSTOWER.NS
534976,VMART.NS
535136,NIBE.NS
535322,REPCOHOME.NS
535458,NIBL.NS
535601,SREEL.NS
535602,SHARDAMOTR.NS
535648,JUSTDIAL.NS
535754,ORIENTCEM.NS
535755,ABFRL.NS
535789,SAMMAANCAP.NS
535958,ESSENTIA.NS
536507,FLFL.NS
536773,JPOLYINVST.NS
537259,SUYOG.NS
537291,NATHBIOGEN.NS
537292,AGRITECH.NS
537785,RACE.NS
537820,VIJIFIN.NS
538268,WONDERLA.NS
538365,INCREDIBLE.NS
538562,SKIPPER.NS
538567,GULFOILLUB.NS
538635,SNOWMAN.NS
538666,SHARDACROP.NS
538685,SHEMAROO.NS
538730,PDSL.NS
538835,INTELLECT.NS
538836,MONTECARLO.NS
538891,MCLOUD.NS
538902,DTIL.NS
538920,VINCOFE.NS
538961,GENUSPAPER.NS
538962,MINDACORP.NS
538979,GREENLAM.NS
539006,PTCIL.NS
539042,AGIIL.NS
539044,MANAKSTEEL.NS
539045,MANAKALUCO.NS
539046,MANAKCOAT.NS
539056,IMAGICAA.NS
539083,INOXWIND.NS
539118,VRLLOG.NS
539126,MEP.NS
539141,UFO.NS
539148,SHIVALIK.NS
539150,PNCINFRA.NS
539177,AIIL.NS
539201,SATIA.NS
539221,SPORTKING.NS
539251,BALKRISHNA.NS
539252,SHYAMCENT.NS
539254,ADANIENSOL.NS
539268,SYNGENE.NS
539276,KAYA.NS
539287,ORTINGLOBE.NS
539289,AURUM.NS
539290,OSWALGREEN.NS
539301,ARVSMART.NS
539302,POWERMECH.NS
539309,RAMASTEEL.NS
539331,VETO.NS
539332,NAVKARCORP.NS
539334,SHREEPUSHK.NS
539336,GUJGASLTD.NS
539346,SADBHIN.NS
539359,PRITIKAUTO.NS
539400,MALLCOM.NS
539404,SATIN.NS
539407,GENCON.NS
539436,COFFEEDAY.NS
539437,IDFCFIRSTB.NS
539448,INDIGO.NS
539450,SHK.NS
539523,ALKEM.NS
539524,LALPATHLAB.NS
539542,LUXIND.NS
539551,NH.NS
539636,PRECAM.NS
539658,TEAMLEASE.NS
539660,BESTAGRO.NS
539678,QUICKHEAL.NS
539686,KPEL.NS
539725,GOKULAGRO.NS
539742,SIMBHALS.NS
539785,PDMJEPAPER.NS
539787,HCG.NS
539799,BHARATWIRE.NS
539807,INFIBEAM.NS
539837,RPEL.NS
539843,NINSYS.NS
539871,THYROCARE.NS
539872,BAJAJHCARE.NS
539876,CROMPTON.NS
539883,PILANIINVS.NS
539889,PARAGMILK.NS
539917,NAGAFERT.NS
539957,MGL.NS
539978,QUESS.NS
539979,DIGJAMLMTD.NS
539986,COMSYN.NS
539992,LLOYDSENGG.NS
540005,LTIM.NS
540025,ADVENZYMES.NS
540047,DBL.NS
540048,SPAL.NS
540061,BIGBLOC.NS
540065,RBLBANK.NS
540073,BLS.NS
540081,SABEVENTS.NS
540083,TVVISION.NS
540115,LTTS.NS
540124,GNA.NS
540125,RADHIKAJWE.NS
540133,ICICIPRULI.NS
540136,HPL.NS
540145,VALIANTORG.NS
540153,ENDURANCE.NS
540173,PNBHOUSING.NS
540180,VBL.NS
540203,SFL.NS
540205,AVL.NS
540210,HEADSUP.NS
540212,TCIEXP.NS
540222,LAURUSLABS.NS
540268,TRU.NS
540293,PRICOLLTD.NS
540311,JITFINFRA.NS
540366,RADIOCITY.NS
540376,DMART.NS
540393,SMLT.NS
540396,MANOMAY.NS
540403,CLEDUCATE.NS
540425,SHANKARA.NS
540497,SCHAND.NS
540530,HUDCO.NS
540544,PSPPROJECT.NS
540575,STARCEMENT.NS
540595,TEJASNET.NS
540596,ERIS.NS
540602,GTPL.NS
540611,AUBANK.NS
540642,SALASAR.NS
540647,GANGESSECU.NS
540648,PALASHSECU.NS
540649,AVADHSUGAR.NS
540650,MAGADSUGAR.NS
540673,SIS.NS
540678,COCHINSHIP.NS
540679,SMSLIFE.NS
540680,KIOCL.NS
540691,ABCAPITAL.NS
540692,APEX.NS
540699,DIXON.NS
540700,BRNL.NS
540701,DCAL.NS
540702,LASA.NS
540704,MATRIMONY.NS
540709,RHFL.NS
540710,CAPACITE.NS
540716,ICICIGI.NS
540719,SBILIFE.NS
540724,DIAMONDYD.NS
540725,SHAREINDIA.NS
540735,IRIS.NS
540743,GODREJAGRO.NS
540749,MASFIN.NS
540750,IEX.NS
540755,GICRE.NS
540757,SCPL.NS
540762,TIINDIA.NS
540767,NAM-INDIA.NS
540768,MAHLOG.NS
540769,NIACL.NS
540774,IFGLEXPOR.NS
540775,KHADIM.NS
540776,5PAISA.NS
540777,HDFCLIFE.NS
540789,DNAMEDIA.NS
540795,DYCL.NS
540797,SHALBY.NS
540798,FSC.NS
540824,ASTRON.NS
540879,APOLLO.NS
540900,NEWGEN.NS
540901,PRAXIS.NS
540902,AMBER.NS
540923,ASHOKAMET.NS
540935,GALAXYSURF.NS
540937,MEDICO.NS
540952,LAL.NS
540961,SHIVAMILLS.NS
540975,ASTERDM.NS
541019,HGINFRA.NS
541143,BDL.NS
541152,GOYALALUM.NS
541153,BANDHANBNK.NS
541154,HAL.NS
541161,KBCGLOBAL.NS
541163,SANDHAR.NS
541167,YASHO.NS
541195,MIDHANI.NS
541206,OBCL.NS
541233,LEMONTREE.NS
541269,CHEMFAB.NS
541276,HARDWYN.NS
541301,ORIENTELEC.NS
541302,DHRUV.NS
541303,AKSHAR.NS
541304,INDOUS.NS
541336,INDOSTAR.NS
541352,MEGASTAR.NS
541400,ZIMLAB.NS
541402,AFFORDABLE.NS
541403,DOLLAR.NS
541418,NGIL.NS
541450,ADANIGREEN.NS
541540,SOLARA.NS
541546,GAYAHWS.NS
541556,RITES.NS
541557,FINEORG.NS
541578,VARROC.NS
541729,HDFCAMC.NS
541770,CREDITACC.NS
541929,SGIL.NS
541956,IRCON.NS
541967,SKYGOLD.NS
541974,MANORAMA.NS
541988,AAVAS.NS
542011,GRSE.NS
542020,AKI.NS
542066,ATGL.NS
542141,TECHNOE.NS
542216,DALBHARAT.NS
542231,NILASPACES.NS
542232,SRD.NS
542233,TREJHARA.NS
542285,AXITA.NS
542323,KPIGREEN.NS
542333,RPSGVENT.NS
542337,SPENCERS.NS
542351,GLOSTERLTD.NS
542367,XELPMOC.NS
542383,RITCO.NS
542399,CHALET.NS
542437,ANMOL.NS
542460,ANUP.NS
542484,ARVINDFASN.NS
542580,AARTECH.NS
542597,MSTCLTD.NS
542649,RVNL.NS
542650,METROPOLIS.NS
542651,KPITTECH.NS
542652,POLYCAB.NS
542655,VIKASLIFE.NS
542665,NEOGEN.NS
542684,PPL.NS
542685,DGCONTENT.NS
542725,SBC.NS
542726,INDIAMART.NS
542729,DCMNVL.NS
542752,AFFLE.NS
542759,SPANDANA.NS
542760,SWSOLAR.NS
542772,360ONE.NS
542773,IIFLCAPS.NS
542774,MUFIN.NS
542812,FLUOROCHEM.NS
542830,IRCTC.NS
542851,GENSOL.NS
542852,VISHWARAJ.NS
542857,GREENPANEL.NS
542867,CSBBANK.NS
542904,UJJIVANSFB.NS
542905,HINDWAREAP.NS
542907,PRINCEPIPE.NS
542919,ARTEMISMED.NS
542920,SUMICHEM.NS
542933,UNIVPHOTO.NS
543064,COHANCE.NS
543066,SBICARD.NS
543187,POWERINDIA.NS
543193,DJML.NS
543210,AARTISURF.NS
543212,BOROLTD.NS
543213,ROSSARI.NS
543214,NDRAUTO.NS
543218,SBGLP.NS
543220,MAXHEALTH.NS
543223,MAXIND.NS
543227,HAPPSTMNDS.NS
543228,ROUTE.NS
543231,ADL.NS
543232,CAMS.NS
543233,CHEMCON.NS
543234,SECMARK.NS
543235,ANGELONE.NS
543236,ATAM.NS
543237,MAZDOCK.NS
543238,UTIAMC.NS
543240,LIKHITHA.NS
543242,HEMIPROP.NS
543243,EQUITASBNK.NS
543245,GLAND.NS
543248,RBA.NS
543249,TARC.NS
543251,RVHL.NS
543252,FAIRCHEMOR.NS
543253,BECTORFOOD.NS
543254,AWHCL.NS
543257,IRFC.NS
543258,INDIGOPNTS.NS
543259,HOMEFIRST.NS
543260,STOVEKRAFT.NS
543263,SMCGLOBAL.NS
543264,NURECA.NS
543265,RAILTEL.NS
543266,HERANBA.NS
543267,DAVANGERE.NS
543268,DRCSYSTEMS.NS
543270,MTARTECH.NS
543271,JUBLINGREA.NS
543272,EASEMYTRIP.NS
543273,KMEW.NS
543275,ANURAS.NS
543276,CRAFTSMAN.NS
543277,LXCHEM.NS
543278,KALYANKJIL.NS
543279,SURYODAY.NS
543280,NAZARA.NS
543281,SUVIDHAA.NS
543283,BARBEQUE.NS
543287,LODHA.NS
543288,DEEPINDS.NS
543297,IWEL.NS
543298,VINEETLAB.NS
543299,SHYAMMETL.NS
543300,SONACOMS.NS
543306,DODLA.NS
543308,KIMS.NS
543311,IPL.NS
543317,GRINFRA.NS
543318,CLEAN.NS
543320,ETERNAL.NS
543321,TATVA.NS
543322,ALIVUS.NS
543325,ROLEXRINGS.NS
543327,EXXARO.NS
543328,KRSNAA.NS
543329,WINDLAS.NS
543330,DEVYANI.NS
543331,MOL.NS
543332,EPIGRAL.NS
543333,CARTRADE.NS
543334,NUVOCO.NS
543335,APTUS.NS
543336,CHEMPLASTS.NS
543349,ACUTAAS.NS
543350,VIJAYA.NS
543358,SANSERA.NS
543367,PARAS.NS
543374,ABSLAMC.NS
543384,NYKAA.NS
543386,FINOPB.NS
543387,SJS.NS
543389,SIGACHI.NS
543390,POLICYBZR.NS
543396,PAYTM.NS
543397,SAPPHIRE.NS
543398,LATENTVIEW.NS
543399,TARSONS.NS
543401,GOCOLORS.NS
543411,HITECH.NS
543412,STARHEALTH.NS
543413,TEGA.NS
543415,ANANDRATHI.NS
543416,ZODIAC.NS
543417,RATEGAIN.NS
543419,SHRIRAMPPS.NS
543420,JETFREIGHT.NS
543425,MAPMYINDIA.NS
543426,METROBRAND.NS
543427,MEDPLUS.NS
543428,DATAPATTNS.NS
543433,HPAL.NS
543434,SUPRIYA.NS
543441,CMSINFO.NS
543442,BCONCEPTS.NS
543449,WEL.NS
543451,AGSTRA.NS
543458,AWL.NS
543462,DEVIT.NS
543463,MANYAVAR.NS
543470,SOFTTECH.NS
543482,EUREKAFORB.NS
543489,GATEWAY.NS
543490,GMRP&UI.NS
543498,MSUMI.NS
543512,AVROIND.NS
543513,UMAEXPORTS.NS
543514,VERANDA.NS
543517,HARIOMPIPE.NS
543523,CAMPUS.NS
543524,RAINBOW.NS
543525,SILVERTUC.NS
543526,LICI.NS
543527,PRUDENT.NS
543528,VENUSPIPES.NS
543529,DELHIVERY.NS
543530,PARADEEP.NS
543532,ETHOSLTD.NS
543533,EMUDHRA.NS
543534,AETHER.NS
543535,WEWIN.NS
543547,DDEVPLSTIK.NS
543573,SYRMA.NS
543591,DREAMFOLKS.NS
543593,DBOL.NS
543596,TMB.NS
543599,KSOLVES.NS
543600,HARSHA.NS
543614,TIPSFILMS.NS
543626,EMIL.NS
543635,PPLPHARMA.NS
543636,DCI.NS
543638,TRACXN.NS
543643,NARMADA.NS
543644,INFOBEAN.NS
543645,HPIL.NS
543650,DCXINDIA.NS
543652,FUSION.NS
543653,BIKAJI.NS
543654,MEDANTA.NS
543657,ACI.NS
543663,FIVESTAR.NS
543664,KAYNES.NS
543667,INOXGREEN.NS
543668,BBTCL.NS
543669,RUSTOMJEE.NS
543670,VINNY.NS
543671,AAATECH.NS
543686,SIRCA.NS
543687,DHARMAJ.NS
543688,SARVESHWAR.NS
543689,UNIPARTS.NS
543711,SULA.NS
543712,AFSL.NS
543714,LANDMARK.NS
543715,IEL.NS
543720,KFINTECH.NS
543725,ELIN.NS
543732,RADIANTCMS.NS
543743,SAH.NS
543747,KAMOPAINTS.NS
543748,AARTIPHARM.NS
543767,BTML.NS
543768,NSLNISP.NS
543811,AIRAN.NS
543812,DIVGIITTS.NS
543829,GSLSU.NS
543861,USK.NS
543896,AVALON.NS
543898,BLAL.NS
543901,RHL.NS
543904,MANKIND.NS
543910,AVG.NS
543911,ATALREAL.NS
543912,PIGL.NS
543915,PAVNAIND.NS
543917,SIGMA.NS
543918,GHCLTEXTIL.NS
543919,MKPL.NS
543923,IKIO.NS
543929,HMAAGRO.NS
543930,URAVIDEF.NS
543932,IDEAFORGE.NS
543933,CYIENTDLM.NS
543936,SENCO.NS
543940,JIOFIN.NS
543942,UTKARSHBNK.NS
543945,NETWEB.NS
543950,YATHARTH.NS
543952,NIITMTS.NS
543954,ATL.NS
543955,TREL.NS
543957,REDTAPE.NS
543958,VLEGOV.NS
543959,SBFC.NS
543960,CONCORDBIO.NS
543962,DPWIRES.NS
543965,TVSSCS.NS
543969,PYRAMID.NS
543972,AEROFLEX.NS
543974,VPRPL.NS
543977,RISHABH.NS
543978,RATNAVEER.NS
543980,JLHL.NS
543981,RRKABEL.NS
543983,EMSLIMITED.NS
543984,SAMHI.NS
543985,ZAGGLE.NS
543986,SOUTHWEST.NS
543988,NUVAMA.NS
543989,KALAMANDIR.NS
543990,SIGNATURE.NS
543992,YATRA.NS
543994,JSWINFRA.NS
543995,MVGJL.NS
543996,UDS.NS
543998,VALIANTLAB.NS
544003,PLAZACABLE.NS
544004,IRMENERGY.NS
544008,MAXESTATES.NS
544009,BLUEJET.NS
544012,CELLO.NS
544014,HONASA.NS
544020,ESAFSFB.NS
544021,PROTEAN.NS
544022,ASKAUTOLTD.NS
544026,IREDA.NS
544027,FEDFINA.NS
544028,TATATECH.NS
544029,GANDHAR.NS
544030,FLAIR.NS
544042,BAJEL.NS
544044,INDIASHLTR.NS
544045,DOMS.NS
544046,INOXINDIA.NS
544053,MOTISONS.NS
544054,SURAJEST.NS
544055,MUTHOOTMF.NS
544057,HAPPYFORGE.NS
544058,MUFTI.NS
544060,RBZJEWEL.NS
544061,AZAD.NS
544066,SUNCLAY.NS
544067,INNOVACAP.NS
544079,DIGIDRIVE.NS
544081,JYOTICNC.NS
544088,MEDIASSIST.NS
544095,EPACK.NS
544100,NOVAAGRI.NS
544107,BLSE.NS
544111,PARKHOTELS.NS
544117,SIGNPOST.NS
544118,JSFB.NS
544119,RPTECH.NS
544120,CAPITALSFB.NS
544122,ENTERO.NS
544124,VSTL.NS
544129,JUNIPER.NS
544131,GPTHEALTH.NS
544133,EXICOM.NS
544134,PLATIND.NS
544135,MUKKA.NS
544136,RKSWAMY.NS
544138,JGCHEM.NS
544140,GOPAL.NS
544142,SCILAL.NS
544144,PVSL.NS
544149,KRYSTAL.NS
544158,SRM.NS
544161,DPABHUSHAN.NS
544162,BHARTIHEXA.NS
544167,JNKINDIA.NS
544172,INDGN.NS
544174,TBOTEK.NS
544176,AADHARHFC.NS
544179,GODIGIT.NS
544181,AWFIS.NS
544184,BOROSCI.NS
544187,KRONOX.NS
544192,IXIGO.NS
544197,RETAIL.NS
544198,DEEDEV.NS
544200,AFIL.NS
544202,STANLEY.NS
544203,ABDL.NS
544204,VRAJ.NS
544207,RELIABLE.NS
544209,BANSALWIRE.NS
544210,EMCURE.NS
544217,SANSTAR.NS
544222,AKUMS.NS
544223,CEIGALL.NS
544225,OLAELEC.NS
544226,FIRSTCRY.NS
544227,UNIECOM.NS
544230,SSDL.NS
544232,INTERARCH.NS
544233,MFML.NS
544234,GLOBALE.NS
544235,ORIENTTECH.NS
544238,PREMIERENE.NS
544239,ECOSMOBLTY.NS
544240,RAYMONDLSL.NS
544243,STYLEBAAZA.NS
544244,GALAPREC.NS
544246,RVTH.NS
544249,BALAJEE.NS
544250,SANOFICONR.NS
544252,BAJAJHFL.NS
544253,KROSS.NS
544254,TOLINS.NS
544256,PNGJL.NS
544258,WCIL.NS
544260,NORTHARC.NS
544261,ARKADE.NS
544262,MANBA.NS
544263,KRN.NS
544264,DIFFNKG.NS
544271,GARUDA.NS
544273,MGEL.NS
544274,HYUNDAI.NS
544276,DBEIL.NS
544277,WAAREEENER.NS
544278,OCCLLTD.NS
544279,GODAVARIB.NS
544280,AFCONS.NS
544281,ABINFRA.NS
544282,SAGILITY.NS
544283,ACMESOLAR.NS
544285,SWIGGY.NS
544286,NIVABUPA.NS
544288,BLACKBUCK.NS
544289,NTPCGREEN.NS
544290,EIEL.NS
544292,ONESOURCE.NS
544293,SURAKSHA.NS
544294,ROSSTECH.NS
544301,ODIGMA.NS
544302,INNOVANA.NS
544305,MOBIKWIK.NS
544306,SAILIFE.NS
544307,VMM.NS
544309,IKS.NS
544311,IGIL.NS
544314,SANATHAN.NS
544315,CEWATER.NS
544316,DAMCAPITAL.NS
544317,TRANSRAILL.NS
544318,MAMATA.NS
544319,SENORES.NS
544320,CARRARO.NS
544321,VENTIVE.NS
544322,UNIMECH.NS
544325,ITCHOTELS.NS
544328,INDOFARM.NS
544333,SGLTL.NS
544336,QUADFUTURE.NS
544339,LAXMIDENTL.NS
544342,STALLION.NS
544344,SHRIPISTON.NS
544345,DENTA.NS
544350,AGARWALEYE.NS
544355,JUBLCPL.NS
544356,AJAXENGG.NS
544362,HEXT.NS
544364,BAJAJINDEF.NS
544367,QPOWER.NS
544379,PRABHA.NS
544386,SPECTRUM.NS
544390,ENRIN.NS
544396,NPST.NS
544397,ATHERENERG.NS
544402,JASH.NS
544404,BORANA.NS
544405,BELRISE.NS
544407,AEGISVOPAK.NS
544408,THELEELA.NS
544410,PROSTARM.NS
544411,SCODATUBES.NS
544413,DIGITIDE.NS
544414,BLUSPRING.NS
570002,FELDVR.NS
570004,JISLDVREQS.NS
570005,GATECHDVR.NS
590003,KARURVYSYA.NS
590005,VEEDOL.NS
590006,AMRUTANJAN.NS
590013,XPROINDIA.NS
590018,HISARMETAL.NS
590021,BHARATRAS.NS
590024,FACT.NS
590025,GINNIFILA.NS
590030,SPIC.NS
590031,DENORA.NS
590041,KAVVERITEL.NS
590051,SAKSOFT.NS
590056,SALONA.NS
590057,EQUIPPP.NS
590062,ANDHRSUGAR.NS
590065,IMPAL.NS
590066,KCP.NS
590068,KHAITANLTD.NS
590070,RADAAN.NS
590071,SUNDARMFIN.NS
590072,SUNDRMBRAK.NS
590073,WHEELS.NS
590075,LAMBODHARA.NS
590078,MAITHANALL.NS
590086,ORISSAMINE.NS
590134,MADRASFERT.NS
